{
  "black_hole": {
    "runtime": 0.016917705535888672,
    "mass_solar_masses": 10.0,
    "schwarzschild_radius_km": 29.54126555055405
  }
}