{
  "spacetime_emergence": {
    "summary": {
      "n_subsystems": 50,
      "dimension": 3,
      "total_entanglement": 133.00710233255268,
      "avg_entanglement": 0.05614483002640468,
      "network_edges": 125,
      "connectivity": 0.10204081632653061,
      "avg_curvature": 0.010738275246352107,
      "curvature_variance": 0.00012694162427485484,
      "max_distance": 7.602912793790644,
      "min_distance": 0.24874055532008707
    },
    "runtime": 5.857985019683838
  },
  "black_hole": {
    "runtime": 109.91486263275146,
    "mass_solar_masses": 10.0,
    "schwarzschild_radius_km": 29.54126555055405
  },
  "experimental_predictions": {
    "runtime": 0.0036859512329101562
  }
}